-- phpMyAdmin SQL Dump
-- version 4.9.5deb2
-- https://www.phpmyadmin.net/
--
-- Host: localhost:3306
-- Waktu pembuatan: 29 Jun 2020 pada 17.15
-- Versi server: 8.0.20-0ubuntu0.20.04.1
-- Versi PHP: 7.4.3

SET SQL_MODE = "NO_AUTO_VALUE_ON_ZERO";
SET AUTOCOMMIT = 0;
START TRANSACTION;
SET time_zone = "+00:00";


/*!40101 SET @OLD_CHARACTER_SET_CLIENT=@@CHARACTER_SET_CLIENT */;
/*!40101 SET @OLD_CHARACTER_SET_RESULTS=@@CHARACTER_SET_RESULTS */;
/*!40101 SET @OLD_COLLATION_CONNECTION=@@COLLATION_CONNECTION */;
/*!40101 SET NAMES utf8mb4 */;

--
-- Database: `pos_mern`
--

-- --------------------------------------------------------

--
-- Struktur dari tabel `tb_barang`
--

CREATE TABLE `tb_barang` (
  `id` int NOT NULL,
  `barcode` varchar(25) NOT NULL,
  `nama` varchar(125) NOT NULL,
  `kategori` int NOT NULL,
  `satuan` varchar(25) NOT NULL,
  `harga_beli` int NOT NULL,
  `harga_jual` int NOT NULL,
  `stok` int NOT NULL
) ENGINE=InnoDB DEFAULT CHARSET=latin1;

--
-- Dumping data untuk tabel `tb_barang`
--

INSERT INTO `tb_barang` (`id`, `barcode`, `nama`, `kategori`, `satuan`, `harga_beli`, `harga_jual`, `stok`) VALUES
(1, '123456789', 'BLACKPINK Square Up', 1, 'PCS', 250000, 260000, 69),
(2, '123435231', 'Samsung Smart TV', 2, 'Unit', 3400000, 3500000, 67);

-- --------------------------------------------------------

--
-- Struktur dari tabel `tb_kategori_barang`
--

CREATE TABLE `tb_kategori_barang` (
  `id` int NOT NULL,
  `nama` varchar(125) NOT NULL,
  `keterangan` varchar(125) NOT NULL
) ENGINE=InnoDB DEFAULT CHARSET=latin1;

--
-- Dumping data untuk tabel `tb_kategori_barang`
--

INSERT INTO `tb_kategori_barang` (`id`, `nama`, `keterangan`) VALUES
(1, 'Album', 'Kategori Album'),
(2, 'Elektronik', 'Kategori Elektronik'),
(3, 'Test 2', 'Kategori testing 2'),
(5, 'Bjir', 'bjirrrr');

-- --------------------------------------------------------

--
-- Struktur dari tabel `tb_penjualan`
--

CREATE TABLE `tb_penjualan` (
  `id` int NOT NULL,
  `kode_penjualan` varchar(25) NOT NULL,
  `id_barang` int NOT NULL,
  `jumlah` int NOT NULL,
  `total` int NOT NULL,
  `tanggal` timestamp NOT NULL
) ENGINE=InnoDB DEFAULT CHARSET=latin1;

--
-- Dumping data untuk tabel `tb_penjualan`
--

INSERT INTO `tb_penjualan` (`id`, `kode_penjualan`, `id_barang`, `jumlah`, `total`, `tanggal`) VALUES
(1, 'RM-0001', 1, 4, 4, '2020-06-17 00:00:00'),
(2, 'RM-0001', 2, 4, 4, '2020-06-17 00:00:00'),
(3, '1592559985105', 1, 1, 260000, '2020-06-19 09:46:27'),
(4, '1592559985105', 2, 1, 3500000, '2020-06-19 09:46:43'),
(5, '1592618776171', 1, 1, 260000, '2020-06-20 02:06:20'),
(6, '1592618776171', 1, 1, 260000, '2020-06-20 02:06:29'),
(7, '1592618776171', 1, 1, 260000, '2020-06-20 02:06:39'),
(8, '1592618905487', 1, 1, 260000, '2020-06-20 02:08:28'),
(9, '1592618941817', 1, 1, 260000, '2020-06-20 02:09:05'),
(10, '1592618972422', 1, 1, 260000, '2020-06-20 02:09:35'),
(11, '1592618972422', 1, 1, 260000, '2020-06-20 02:09:40'),
(12, '1592619004071', 1, 1, 260000, '2020-06-20 02:10:07'),
(13, '1592619004071', 1, 1, 260000, '2020-06-20 02:10:09'),
(14, '1592619023946', 1, 1, 260000, '2020-06-20 02:10:26'),
(15, '1592619023946', 1, 1, 260000, '2020-06-20 02:10:28'),
(16, '1592619126998', 1, 1, 260000, '2020-06-20 02:12:10'),
(17, '1592619195611', 1, 1, 260000, '2020-06-20 02:13:18'),
(18, '1592619212922', 1, 1, 260000, '2020-06-20 02:13:35'),
(19, '1592619259097', 1, 1, 260000, '2020-06-20 02:14:21'),
(20, '1592619259097', 1, 1, 260000, '2020-06-20 02:14:23'),
(21, '1592619328635', 2, 1, 3500000, '2020-06-20 02:15:31'),
(22, '1592619362224', 2, 1, 3500000, '2020-06-20 02:16:04'),
(23, '1592619362224', 2, 1, 3500000, '2020-06-20 02:16:07'),
(24, '1592619503314', 2, 1, 3500000, '2020-06-20 02:18:26'),
(25, '1592619585509', 2, 1, 3500000, '2020-06-20 02:19:48'),
(26, '1592619635187', 1, 1, 260000, '2020-06-20 02:20:38'),
(27, '1592619647957', 1, 1, 260000, '2020-06-20 02:20:50'),
(28, '1592619669320', 1, 1, 260000, '2020-06-20 02:21:11'),
(29, '1592619708559', 1, 1, 260000, '2020-06-20 02:21:51'),
(30, '1592619722437', 1, 1, 260000, '2020-06-20 02:22:05'),
(31, '1592619748630', 1, 1, 260000, '2020-06-20 02:22:31'),
(32, '1592619795199', 1, 1, 260000, '2020-06-20 02:23:17'),
(33, '1592619795199', 1, 1, 260000, '2020-06-20 02:23:19'),
(34, '1592619795199', 1, 1, 260000, '2020-06-20 02:23:22'),
(35, '1592619846649', 1, 1, 260000, '2020-06-20 02:24:09'),
(36, '1592619885746', 1, 1, 260000, '2020-06-20 02:24:48'),
(37, '1592620062366', 1, 1, 260000, '2020-06-20 02:27:45'),
(38, '1592620079168', 1, 1, 260000, '2020-06-20 02:28:02'),
(39, '1592620105764', 1, 1, 260000, '2020-06-20 02:28:28'),
(40, '1592620105764', 1, 1, 260000, '2020-06-20 02:28:35'),
(41, '1592620145072', 1, 1, 260000, '2020-06-20 02:29:07'),
(42, '1592620166180', 1, 1, 260000, '2020-06-20 02:29:28'),
(43, '1592620180410', 1, 1, 260000, '2020-06-20 02:29:42'),
(44, '1592620220181', 2, 1, 3500000, '2020-06-20 02:30:23'),
(45, '1592620231615', 2, 1, 3500000, '2020-06-20 02:30:33'),
(46, '1592620291596', 1, 1, 260000, '2020-06-20 02:31:34'),
(47, '1592620303407', 1, 1, 260000, '2020-06-20 02:31:45'),
(48, '1592620346438', 1, 1, 260000, '2020-06-20 02:32:29'),
(49, '1592620402871', 1, 1, 260000, '2020-06-20 02:33:25'),
(50, '1592620441128', 1, 1, 260000, '2020-06-20 02:34:04'),
(51, '1592620554018', 1, 1, 260000, '2020-06-20 02:35:57'),
(52, '1592620554018', 1, 1, 260000, '2020-06-20 02:36:10'),
(53, '1592620615059', 2, 1, 3500000, '2020-06-20 02:36:57'),
(54, '1592620615059', 2, 1, 3500000, '2020-06-20 02:37:02'),
(55, '1592620648982', 2, 1, 3500000, '2020-06-20 02:37:31'),
(56, '1592620648982', 2, 1, 3500000, '2020-06-20 02:37:34'),
(57, '1592620860306', 2, 1, 3500000, '2020-06-20 02:41:03'),
(58, '1592620885640', 2, 1, 3500000, '2020-06-20 02:41:29'),
(59, '1592621170676', 2, 1, 3500000, '2020-06-20 02:46:13'),
(60, '1592621170676', 2, 1, 3500000, '2020-06-20 02:46:18'),
(61, '1592621224494', 2, 1, 3500000, '2020-06-20 02:47:07'),
(62, '1592621224494', 2, 1, 3500000, '2020-06-20 02:47:09'),
(63, '1592621478971', 1, 1, 260000, '2020-06-20 02:51:21'),
(64, '1592621478971', 1, 1, 260000, '2020-06-20 02:51:24'),
(65, '1592621478971', 2, 1, 3500000, '2020-06-20 02:51:49'),
(66, '1592621478971', 2, 1, 3500000, '2020-06-20 02:51:52'),
(67, '1592621586684', 2, 1, 3500000, '2020-06-20 02:53:09'),
(68, '1592621616870', 2, 1, 3500000, '2020-06-20 02:53:39'),
(69, '1592621616870', 2, 1, 3500000, '2020-06-20 02:53:44'),
(70, '1592621659868', 2, 1, 3500000, '2020-06-20 02:54:22'),
(71, '1592621659868', 2, 1, 3500000, '2020-06-20 02:54:28'),
(72, '1592621702545', 2, 1, 3500000, '2020-06-20 02:55:05'),
(73, '1592621716576', 2, 1, 3500000, '2020-06-20 02:55:19'),
(74, '1592621716576', 2, 1, 3500000, '2020-06-20 02:55:24'),
(75, '1592621758942', 1, 1, 260000, '2020-06-20 02:56:01'),
(76, '1592621758942', 1, 1, 260000, '2020-06-20 02:56:05'),
(77, '1592621818112', 1, 1, 260000, '2020-06-20 02:57:00'),
(78, '1592621818112', 1, 1, 260000, '2020-06-20 02:57:04'),
(79, '1592621964479', 2, 1, 3500000, '2020-06-20 02:59:27'),
(80, '1592621964479', 2, 1, 3500000, '2020-06-20 02:59:29'),
(81, '1592622041062', 2, 1, 3500000, '2020-06-20 03:00:44'),
(82, '1592622041062', 2, 1, 3500000, '2020-06-20 03:00:46'),
(83, '1592622041062', 2, 1, 3500000, '2020-06-20 03:00:54'),
(84, '1592622293856', 2, 1, 3500000, '2020-06-20 03:04:56'),
(85, '1592622293856', 2, 1, 3500000, '2020-06-20 03:05:01'),
(86, '1592622412406', 2, 1, 3500000, '2020-06-20 03:06:55'),
(87, '1592622412406', 2, 1, 3500000, '2020-06-20 03:06:57'),
(88, '1592622574041', 2, 1, 3500000, '2020-06-20 03:09:37'),
(89, '1592622591434', 2, 1, 3500000, '2020-06-20 03:09:54'),
(90, '1592622607974', 2, 1, 3500000, '2020-06-20 03:10:10'),
(91, '1592622663081', 2, 1, 3500000, '2020-06-20 03:11:06'),
(92, '1592622663081', 2, 1, 3500000, '2020-06-20 03:11:08'),
(93, '1592622680420', 2, 1, 3500000, '2020-06-20 03:11:23'),
(94, '1592622680420', 2, 1, 3500000, '2020-06-20 03:11:26'),
(95, '1592622730287', 2, 1, 3500000, '2020-06-20 03:12:12'),
(96, '1592622730287', 2, 1, 3500000, '2020-06-20 03:12:14'),
(97, '1592622899791', 2, 1, 3500000, '2020-06-20 03:15:03'),
(98, '1592622899791', 2, 1, 3500000, '2020-06-20 03:15:05'),
(99, '1592622899791', 2, 1, 3500000, '2020-06-20 03:15:07'),
(100, '1592623163127', 2, 1, 3500000, '2020-06-20 03:19:26'),
(101, '1592623206348', 2, 1, 3500000, '2020-06-20 03:20:09'),
(102, '1592623206348', 2, 1, 3500000, '2020-06-20 03:20:12'),
(103, '1592623206348', 1, 1, 260000, '2020-06-20 03:20:25'),
(104, '1592623206348', 1, 1, 260000, '2020-06-20 03:25:00'),
(105, '1592623206348', 1, 1, 260000, '2020-06-20 03:25:02'),
(106, '1592623526591', 1, 1, 260000, '2020-06-20 03:25:34'),
(107, '1592623526591', 1, 1, 260000, '2020-06-20 03:25:35'),
(108, '1592623763202', 1, 1, 260000, '2020-06-20 03:29:25'),
(109, '1592623943077', 1, 1, 260000, '2020-06-20 03:32:26'),
(110, '1592624027314', 1, 1, 260000, '2020-06-20 03:33:50'),
(111, '1592624110795', 1, 1, 260000, '2020-06-20 03:35:13'),
(112, '1592624314831', 1, 4, 260000, '2020-06-20 03:38:37'),
(113, '1592624384885', 1, 3, 1040000, '2020-06-20 03:39:48'),
(114, '1592624462655', 1, 3, 1560000, '2020-06-20 03:41:05'),
(115, '1592624485779', 1, 2, 520000, '2020-06-20 03:41:28'),
(116, '1592624839414', 1, 5, 1300000, '2020-06-20 03:47:22'),
(117, '1592624911561', 1, 1, 260000, '2020-06-20 03:48:34'),
(118, '1592624930080', 1, 2, 520000, '2020-06-20 03:48:53'),
(119, '1592624930080', 2, 3, 10500000, '2020-06-20 03:49:14'),
(120, '1592625505393', 2, 2, 7000000, '2020-06-20 03:58:28'),
(121, '1592626760953', 1, 1, 260000, '2020-06-20 04:19:24'),
(122, '1592626834533', 1, 1, 260000, '2020-06-20 04:20:37'),
(123, '1592626932549', 2, 1, 3500000, '2020-06-20 04:22:15'),
(124, '1592628855488', 2, 1, 3500000, '2020-06-20 04:54:18'),
(125, '1592628894858', 1, 1, 260000, '2020-06-20 04:54:58'),
(126, '1592629666823', 1, 1, 260000, '2020-06-20 05:07:50'),
(127, '1592629761010', 1, 1, 260000, '2020-06-20 05:09:23'),
(128, '1592629902431', 1, 1, 260000, '2020-06-20 05:12:25'),
(129, '1592631547880', 1, 2, 260000, '2020-06-20 05:39:10'),
(130, '1592631967317', 2, 2, 3500000, '2020-06-20 05:46:09'),
(131, '1592632095376', 2, 1, 3500000, '2020-06-20 05:48:18'),
(132, '1592632173050', 2, 5, 17500000, '2020-06-20 05:49:36'),
(133, '1592632628792', 1, 3, 780000, '2020-06-20 05:57:11'),
(134, '1592632875188', 2, 1, 3500000, '2020-06-20 06:01:18'),
(135, '1592633744107', 2, 3, 10500000, '2020-06-20 06:15:47'),
(136, '1592633836577', 2, 2, 7000000, '2020-06-20 06:17:19'),
(137, '1592633836577', 1, 7, 1820000, '2020-06-20 06:19:13'),
(138, '1592634056660', 1, 2, 520000, '2020-06-20 06:21:11'),
(139, '1592634056660', 2, 2, 7000000, '2020-06-20 06:23:40'),
(140, '1592706847319', 2, 1, 3500000, '2020-06-21 02:34:10'),
(141, '1592707069368', 2, 1, 3500000, '2020-06-21 02:37:51'),
(142, '1592707118893', 2, 1, 3500000, '2020-06-21 02:38:40'),
(143, '1592707357047', 2, 3, 10500000, '2020-06-21 02:42:39'),
(144, '1592710806586', 2, 1, 3500000, '2020-06-21 03:40:09'),
(146, '1592715706970', 1, 5, 1300000, '2020-06-21 05:01:49'),
(149, '1592718632836', 2, 2, 7000000, '2020-06-21 05:50:36'),
(160, '1592796101532', 1, 1, 260000, '2020-06-22 03:21:44'),
(161, '1592796101532', 2, 2, 7000000, '2020-06-22 03:21:53'),
(162, '1592796214718', 1, 2, 520000, '2020-06-22 03:23:37'),
(163, '1592796241557', 1, 1, 260000, '2020-06-22 03:24:04'),
(164, '1592796241557', 2, 2, 7000000, '2020-06-22 03:24:15'),
(165, '1592796362335', 1, 1, 260000, '2020-06-22 03:26:06'),
(166, '1592796362335', 2, 1, 3500000, '2020-06-22 03:26:13'),
(167, '1592797899806', 1, 1, 260000, '2020-06-22 03:51:42'),
(168, '1592798165639', 1, 2, 520000, '2020-06-22 03:56:19'),
(169, '1592798165639', 2, 1, 3500000, '2020-06-22 03:56:29'),
(170, '1592798770146', 1, 1, 260000, '2020-06-22 04:06:13'),
(171, '1592798906542', 2, 2, 7000000, '2020-06-22 04:08:29'),
(172, '1592798945391', 2, 3, 10500000, '2020-06-22 04:09:08'),
(173, '1592798985485', 2, 1, 3500000, '2020-06-22 04:09:48'),
(174, '1592800583509', 1, 2, 520000, '2020-06-22 04:36:26'),
(175, '1592800613621', 1, 2, 520000, '2020-06-22 04:36:56'),
(176, '1592800696499', 1, 3, 780000, '2020-06-22 04:38:18'),
(177, '1592800754353', 2, 3, 10500000, '2020-06-22 04:39:17'),
(178, '1592800873288', 2, 1, 3500000, '2020-06-22 04:41:22'),
(179, '1592805173167', 1, 3, 780000, '2020-06-22 05:52:57'),
(181, '1592897175689', 1, 2, 520000, '2020-06-23 07:28:13'),
(187, '1592899550081', 1, 3, 780000, '2020-06-23 08:05:51'),
(188, '1592899550081', 2, 2, 7000000, '2020-06-23 08:05:55'),
(189, '1592899627204', 1, 3, 780000, '2020-06-23 08:07:08'),
(190, '1592899627204', 2, 2, 7000000, '2020-06-23 08:07:13'),
(191, '1592899747414', 1, 4, 1040000, '2020-06-23 08:09:08'),
(192, '1592899912726', 2, 2, 7000000, '2020-06-23 08:11:54'),
(193, '1592900155017', 2, 1, 3500000, '2020-06-23 08:15:56'),
(194, '1592900296660', 2, 1, 3500000, '2020-06-23 08:18:17'),
(195, '1592900357497', 2, 1, 3500000, '2020-06-23 08:19:18'),
(196, '1592901141387', 2, 2, 7000000, '2020-06-23 08:32:22'),
(197, '1592901141387', 1, 1, 260000, '2020-06-23 08:32:27'),
(198, '1592967596142', 2, 1, 7000000, '2020-06-24 03:00:20'),
(205, '1593065974679', 2, 1, 3500000, '2020-06-25 06:19:44'),
(207, '1593066387715', 2, 1, 3500000, '2020-06-25 06:26:31'),
(211, '1593067086208', 2, 1, 3500000, '2020-06-25 06:38:14'),
(212, '1593067177468', 2, 1, 3500000, '2020-06-25 06:39:40'),
(215, '1593067261872', 2, 1, 3500000, '2020-06-25 06:41:06'),
(237, '1593068326879', 1, 4, 1040000, '2020-06-25 06:59:24'),
(239, '1593068490252', 1, 2, 520000, '2020-06-25 07:01:45'),
(241, '1593068965267', 1, 2, 520000, '2020-06-25 07:09:30'),
(243, '1593069032045', 1, 3, 780000, '2020-06-25 07:10:39'),
(244, '1593069050897', 1, 3, 780000, '2020-06-25 07:10:56'),
(255, '1593069955016', 1, 1, 260000, '2020-06-25 07:26:19'),
(268, '1593402926746', 1, 1, 260000, '2020-06-29 03:55:28'),
(269, '1593404397068', 2, 1, 3500000, '2020-06-29 04:19:59'),
(270, '1593404459403', 2, 1, 3500000, '2020-06-29 04:21:01'),
(271, '1593404549021', 2, 1, 3500000, '2020-06-29 04:22:31'),
(272, '1593404578876', 2, 1, 3500000, '2020-06-29 04:23:04'),
(273, '1593404746693', 1, 1, 260000, '2020-06-29 04:25:48'),
(274, '1593404884528', 1, 1, 260000, '2020-06-29 04:28:06'),
(275, '1593404967477', 1, 1, 260000, '2020-06-29 04:29:28'),
(276, '1593405017605', 1, 1, 260000, '2020-06-29 04:30:22'),
(277, '1593405074776', 1, 1, 260000, '2020-06-29 04:31:17'),
(278, '1593424795593', 2, 1, 3500000, '2020-06-29 09:59:59'),
(279, '1593424871885', 1, 1, 260000, '2020-06-29 10:01:11'),
(280, '1593425413741', 1, 1, 260000, '2020-06-29 10:10:13'),
(281, '1593425428396', 1, 1, 260000, '2020-06-29 10:10:37'),
(282, '1593425460005', 1, 1, 260000, '2020-06-29 10:11:00');

-- --------------------------------------------------------

--
-- Struktur dari tabel `tb_transaksi`
--

CREATE TABLE `tb_transaksi` (
  `id` int NOT NULL,
  `kode_penjualan` varchar(25) NOT NULL,
  `sub_total` int NOT NULL,
  `diskon` int NOT NULL,
  `potongan_diskon` int NOT NULL,
  `grand_total` int NOT NULL,
  `bayar` int NOT NULL,
  `kembalian` int NOT NULL,
  `id_user` int NOT NULL,
  `tanggal` timestamp NOT NULL
) ENGINE=InnoDB DEFAULT CHARSET=utf8mb4 COLLATE=utf8mb4_0900_ai_ci;

--
-- Dumping data untuk tabel `tb_transaksi`
--

INSERT INTO `tb_transaksi` (`id`, `kode_penjualan`, `sub_total`, `diskon`, `potongan_diskon`, `grand_total`, `bayar`, `kembalian`, `id_user`, `tanggal`) VALUES
(1, '1231231241', 250000, 10, 50000, 200000, 200000, 0, 1, '2020-06-23 08:32:04'),
(2, '1592901141387', 7260000, 50, 3630000, 3630000, 3700000, 70000, 1, '2020-06-23 08:32:47'),
(3, '1593402926746', 260000, 10, 26000, 234000, 250000, 16000, 1, '2020-06-29 03:55:37'),
(4, '1593404397068', 3500000, 40, 1400000, 2100000, 2100000, 0, 1, '2020-06-29 04:20:09'),
(5, '1593404459403', 3500000, 30, 1050000, 2450000, 2500000, 50000, 1, '2020-06-29 04:21:07'),
(6, '1593404549021', 3500000, 30, 1050000, 2450000, 2500000, 50000, 1, '2020-06-29 04:22:38'),
(7, '1593404578876', 3500000, 0, 0, 3500000, 4000000, 500000, 1, '2020-06-29 04:23:12'),
(8, '1593404746693', 260000, 0, 0, 260000, 260000, 0, 1, '2020-06-29 04:25:55'),
(9, '1593404746693', 260000, 0, 0, 260000, 260000, 0, 1, '2020-06-29 04:26:08'),
(10, '1593404884528', 260000, 0, 0, 260000, 270000, 10000, 1, '2020-06-29 04:28:10'),
(11, '1593404967477', 260000, 0, 0, 260000, 260000, 0, 1, '2020-06-29 04:29:33'),
(12, '1593405017605', 260000, 0, 0, 260000, 270000, 10000, 1, '2020-06-29 04:30:27'),
(13, '1593405074776', 260000, 0, 0, 260000, 270000, 10000, 1, '2020-06-29 04:31:22'),
(14, '1593424795593', 3500000, 0, 0, 3500000, 3500000, 0, 1, '2020-06-29 10:00:04'),
(15, '1593424871885', 260000, 0, 0, 260000, 270000, 10000, 1, '2020-06-29 10:01:17'),
(16, '1593425413741', 260000, 0, 0, 260000, 270000, 10000, 1, '2020-06-29 10:10:17'),
(17, '1593425428396', 260000, 0, 0, 260000, 270000, 10000, 1, '2020-06-29 10:10:41'),
(18, '1593425460005', 260000, 0, 0, 260000, 270000, 10000, 1, '2020-06-29 10:11:04');

-- --------------------------------------------------------

--
-- Struktur dari tabel `tb_users`
--

CREATE TABLE `tb_users` (
  `id` int NOT NULL,
  `username` varchar(25) NOT NULL,
  `nama` varchar(125) NOT NULL,
  `surel` varchar(50) NOT NULL,
  `password` varchar(125) NOT NULL,
  `level` int NOT NULL,
  `foto` varchar(125) NOT NULL,
  `createdAt` timestamp NOT NULL
) ENGINE=InnoDB DEFAULT CHARSET=latin1;

--
-- Dumping data untuk tabel `tb_users`
--

INSERT INTO `tb_users` (`id`, `username`, `nama`, `surel`, `password`, `level`, `foto`, `createdAt`) VALUES
(1, 'admin', 'Saya Admin', 'admin@pos.com', '$2b$10$aIqUHhP8TPmxU4ni5pcv6ueebUOH8JonWwk5UEEYvjAvEn9uNZHoq', 0, '1591709671404Jennie.jpg', '2020-06-09 13:34:31'),
(2, 'kasircoy', 'Saya kasir', 'kasir@pos.com', '$2b$10$aIqUHhP8TPmxU4ni5pcv6ueebUOH8JonWwk5UEEYvjAvEn9uNZHoq', 1, '1591713777493jeongyeon-twice-yes-or-yes-u7513.jpg', '2020-06-09 14:42:58');

--
-- Indexes for dumped tables
--

--
-- Indeks untuk tabel `tb_barang`
--
ALTER TABLE `tb_barang`
  ADD PRIMARY KEY (`id`);

--
-- Indeks untuk tabel `tb_kategori_barang`
--
ALTER TABLE `tb_kategori_barang`
  ADD PRIMARY KEY (`id`);

--
-- Indeks untuk tabel `tb_penjualan`
--
ALTER TABLE `tb_penjualan`
  ADD PRIMARY KEY (`id`);

--
-- Indeks untuk tabel `tb_transaksi`
--
ALTER TABLE `tb_transaksi`
  ADD PRIMARY KEY (`id`);

--
-- Indeks untuk tabel `tb_users`
--
ALTER TABLE `tb_users`
  ADD PRIMARY KEY (`id`);

--
-- AUTO_INCREMENT untuk tabel yang dibuang
--

--
-- AUTO_INCREMENT untuk tabel `tb_barang`
--
ALTER TABLE `tb_barang`
  MODIFY `id` int NOT NULL AUTO_INCREMENT, AUTO_INCREMENT=3;

--
-- AUTO_INCREMENT untuk tabel `tb_kategori_barang`
--
ALTER TABLE `tb_kategori_barang`
  MODIFY `id` int NOT NULL AUTO_INCREMENT, AUTO_INCREMENT=6;

--
-- AUTO_INCREMENT untuk tabel `tb_penjualan`
--
ALTER TABLE `tb_penjualan`
  MODIFY `id` int NOT NULL AUTO_INCREMENT, AUTO_INCREMENT=283;

--
-- AUTO_INCREMENT untuk tabel `tb_transaksi`
--
ALTER TABLE `tb_transaksi`
  MODIFY `id` int NOT NULL AUTO_INCREMENT, AUTO_INCREMENT=19;

--
-- AUTO_INCREMENT untuk tabel `tb_users`
--
ALTER TABLE `tb_users`
  MODIFY `id` int NOT NULL AUTO_INCREMENT, AUTO_INCREMENT=3;
COMMIT;

/*!40101 SET CHARACTER_SET_CLIENT=@OLD_CHARACTER_SET_CLIENT */;
/*!40101 SET CHARACTER_SET_RESULTS=@OLD_CHARACTER_SET_RESULTS */;
/*!40101 SET COLLATION_CONNECTION=@OLD_COLLATION_CONNECTION */;
